"adm1","adm2"
"Mongala","Binga"
"Ituri","Rimba"
"Sud Kivu","Kaziba"
"Nord Ubangi","Abuzi"
"Kinshasa","Kokolo"
"Kongo Central","Kitona"
"Tanganyika","Moba"
"Kasai Central","Tshibala"
"Kasai Central","Bunkonde"
"Tshopo","Kabondo"
"Nord Kivu","Kyondo"
"Kasai Oriental","Nzaba"
"Sud Kivu","Bagira"
"Ituri","Damas"
"Maniema","Saramabila"
"Sud Ubangi","Libenge"
"Nord Ubangi","Loko"
"Nord Ubangi","Bili2"
"Sankuru","Kole"
"Sud Ubangi","Bangabola"
"Haut Katanga","Kapolowe"
"Kongo Central","Kimpangu"
"Haut Katanga","Tshamilemba"
"Sankuru","Omendjadi"
"Sud Kivu","Kadutu"
"Kinshasa","Bandalungwa"
"Maniema","Tunda"
"Kasai","Banga Lubaka"
"Nord Ubangi","Yakoma"
"Maniema","Obokote"
"Kasai","Kamonia"
"Haut Lomami","Kabondo Dianda"
"Kongo Central","Kangu"
"Sud Ubangi","Mbaya"
"Sud Kivu","Idjwi"
"Nord Kivu","Itebero"
"Kwango","Kitenda"
"Sud Ubangi","Kungu"
"Lomami","Mulumba"
"Tshopo","Lowa"
"Equateur","Lotumbe"
"Nord Kivu","Birambizo"
"Haut Lomami","Songa"
"Ituri","Adja"
"Bas Uele","Bili1"
"Sud Kivu","Hauts Plateaux"
"Tshopo","Yalimbongo"
"Kasai Central","Mikalayi"
"Nord Ubangi","Wapinda"
"Haut Katanga","Sakania"
"Lualaba","Bunkeya"
"Kasai Central","Bena Tshiadi"
"Sud Kivu","Miti Murhesa"
"Kinshasa","Kimbanseke"
"Kwilu","Mungindu"
"Kinshasa","Kalamu I"
"Tshopo","Yabaondo"
"Nord Kivu","Masisi"
"Kasai","Luebo"
"Kongo Central","Luozi"
"Kwango","Tembo"
"Kongo Central","Inga"
"Ituri","Aungba"
"Tanganyika","Ankoro"
"Tanganyika","Kansimba"
"Kongo Central","Boma"
"Mai Ndombe","Bosobe"
"Equateur","Mbandaka"
"Mai Ndombe","Kiri"
"Kwilu","Kikongo"
"Equateur","Bomongo"
"Tshopo","Isangi"
"Mongala","Bongandanga"
"Kasai","Mweka"
"Sankuru","Wembo Nyama"
"Kasai Central","Katoka"
"Tshopo","Bengamisa"
"Kongo Central","Kwilu Ngongo"
"Nord Ubangi","Mobayi Mbongo"
"Kwilu","Bulungu"
"Bas Uele","Bondo"
"Mai Ndombe","Mushie"
"Haut Uele","Rungu"
"Bas Uele","Titule"
"Kwango","Kasongo Lunda"
"Haut Katanga","Panda"
"Kasai Oriental","Cilende"
"Equateur","Ingende"
"Nord Kivu","Vuhovi"
"Haut Uele","Wamba"
"Kasai Central","Luiza"
"Sud Kivu","Kalole"
"Lualaba","Fungurume"
"Maniema","Punia"
"Kinshasa","Masina I"
"Kasai Oriental","Diulu"
"Kongo Central","Kinkonzi"
"Sud Ubangi","Gemena"
"Kasai Central","Demba"
"Haut Katanga","Pweto"
"Ituri","Fataki"
"Sankuru","Lodja"
"Sankuru","Tshumbe"
"Ituri","Ariwara"
"Maniema","Kibombo"
"Nord Kivu","Butembo"
"Haut Katanga","Likasi"
"Kasai Central","Lubunga2"
"Kongo Central","Ngidinga"
"Kasai Oriental","Lubilanji"
"Haut Lomami","Butumba"
"Kasai Central","Bilomba"
"Kongo Central","Seke Banza"
"Equateur","Monieka"
"Kwilu","Vanga"
"Sud Ubangi","Boto"
"Kasai","Mutena"
"Tshopo","Opienge"
"Tshopo","Opala"
"Kasai","Ilebo"
"Kwilu","Kikwit Nord"
"Kwilu","Kimputu"
"Tshuapa","Befale"
"Mai Ndombe","Bokoro"
"Equateur","Djombo"
"Haut Uele","Dungu"
"Nord Kivu","Alimbongo"
"Haut Lomami","Bukama"
"Kinshasa","Mont Ngafula Ii"
"Lomami","Wikong"
"Sud Ubangi","Ndage"
"Lualaba","Lubudi"
"Haut Katanga","Kafubu"
"Ituri","Bunia"
"Kwilu","Gungu"
"Haut Lomami","Kaniama"
"Lomami","Luputa"
"Ituri","Nyarambe"
"Kasai Oriental","Cilundu"
"Haut Uele","Faradje"
"Haut Uele","Gombari"
"Haut Katanga","Lubumbashi"
"Haut Lomami","Mulongo"
"Lomami","Kalonda Est"
"Sankuru","Tshudi Loto"
"Equateur","Lukolela"
"Lomami","Lubao"
"Tshopo","Yahisuli"
"Kasai Central","Masuika"
"Kinshasa","Masina Ii"
"Sud Ubangi","Mawuya"
"Kasai Oriental","Muya"
"Sud Ubangi","Bwamanda"
"Tshuapa","Lingomo"
"Kasai Oriental","Kansele"
"Kongo Central","Tshela"
"Nord Ubangi","Bosobolo"
"Maniema","Lubutu"
"Ituri","Rethy"
"Nord Kivu","Katoyi"
"Kasai Central","Bena Leka"
"Lomami","Kalambayi Kabanga"
"Haut Lomami","Kinda"
"Ituri","Komanda"
"Sud Kivu","Minembwe"
"Lualaba","Kafakumba"
"Tshopo","Lubunga1"
"Kasai","Kitangwa"
"Maniema","Pangi"
"Kasai Central","Muetshi"
"Kwilu","Djuma"
"Haut Katanga","Kilwa"
"Mai Ndombe","Mimia"
"Kasai","Nyanga"
"Tshopo","Tshopo"
"Haut Katanga","Kenya"
"Sud Kivu","Kalonge"
"Sankuru","Katako Kombe"
"Maniema","Kalima"
"Nord Kivu","Rwanguba"
"Tshopo","Yakusu"
"Bas Uele","Poko"
"Nord Kivu","Kibua"
"Nord Kivu","Manguredjipa"
"Sud Ubangi","Bokonzi"
"Equateur","Wangata"
"Sud Ubangi","Budjala"
"Mongala","Yambuku"
"Kasai","Kamwesha"
"Tshuapa","Djolu"
"Mai Ndombe","Nioki"
"Tshopo","Bafwagbogbo"
"Kongo Central","Nzanza"
"Kasai","Kalonda Ouest"
"Bas Uele","Monga"
"Kinshasa","Limete"
"Kwango","Kahemba"
"Sud Kivu","Ruzizi"
"Mongala","Bosondjo"
"Lomami","Tshofa"
"Sud Kivu","Ibanda"
"Bas Uele","Viadana"
"Kwilu","Mosango"
"Kwilu","Ipamu"
"Sud Kivu","Mubumbano"
"Kwango","Mwela Lembwa"
"Kwilu","Bagata"
"Ituri","Linga"
"Sud Ubangi","Bogosenubia"
"Kasai Central","Tshikula"
"Kasai Oriental","Kabeya Kamuanga"
"Mongala","Lolo"
"Tanganyika","Kalemie"
"Lualaba","Kasaji"
"Kwilu","Bandundu"
"Kwango","Panzi"
"Kongo Central","Lukula"
"Kasai Central","Katende"
"Nord Kivu","Masereka"
"Haut Katanga","Kilela Balanda"
"Mai Ndombe","Ntandembelo"
"Haut Lomami","Kabongo"
"Lualaba","Dilolo"
"Lomami","Kamana"
"Mongala","Bumba"
"Kinshasa","Police"
"Kasai Central","Dibaya"
"Sud Ubangi","Bominenge"
"Sankuru","Lomela"
"Kinshasa","Gombe"
"Kasai Oriental","Mukumbi"
"Maniema","Kindu"
"Sankuru","Djalo Djeka"
"Sud Kivu","Kimbi Lulenge"
"Kwango","Kajiji"
"Nord Ubangi","Gbadolite"
"Kwango","Kimbau"
"Bas Uele","Aketi"
"Lomami","Kanda Kanda"
"Kasai Central","Luambo"
"Kinshasa","Ngiri Ngiri"
"Haut Uele","Isiro"
"Equateur","Bolomba"
"Sud Kivu","Kaniola"
"Kinshasa","Nsele"
"Kasai Central","Kananga"
"Kinshasa","Binza Ozone"
"Ituri","Jiba"
"Ituri","Nyankunde"
"Mai Ndombe","Bolobo"
"Kasai Central","Ndekesha"
"Kongo Central","Gombe Matadi"
"Kasai Central","Bobozo"
"Maniema","Kunda"
"Equateur","Bolenge"
"Sud Kivu","Shabunda"
"Maniema","Kasongo"
"Haut Uele","Watsa"
"Nord Kivu","Beni"
"Haut Lomami","Kitenge"
"Lualaba","Dilala"
"Kongo Central","Mangembo"
"Sud Kivu","Uvira"
"Kongo Central","Nsona Pangu"
"Kwilu","Moanza"
"Ituri","Laybo"
"Sud Kivu","Kitutu"
"Equateur","Lilanga Bobangi"
"Haut Lomami","Malemba Nkulu"
"Nord Ubangi","Karawa"
"Kinshasa","Selembao"
"Haut Uele","Aba"
"Maniema","Kabambare"
"Sud Kivu","Mwana"
"Haut Katanga","Katuba"
"Kwango","Kisanji"
"Equateur","Bikoro"
"Haut Katanga","Lukafu"
"Kinshasa","Maluku Ii"
"Haut Katanga","Kambove"
"Mai Ndombe","Kwamouth"
"Ituri","Mongbalu"
"Kinshasa","Kingabwa"
"Sud Ubangi","Tandala"
"Kwilu","Yasa Bonga"
"Equateur","Makanza"
"Nord Kivu","Rutshuru"
"Mai Ndombe","Penjwa"
"Kwilu","Koshibanda"
"Haut Katanga","Kashobwe"
"Kinshasa","Kintambo"
"Ituri","Drodro"
"Tshuapa","Mompono"
"Nord Kivu","Kibirizi"
"Sud Kivu","Minova"
"Kwango","Popokabaka"
"Nord Kivu","Lubero"
"Tanganyika","Manono"
"Sud Kivu","Kalehe"
"Kasai Central","Yangala"
"Haut Lomami","Baka"
"Nord Kivu","Mweso"
"Equateur","Irebu"
"Equateur","Lolanga Mampoko"
"Tanganyika","Kiambi"
"Kongo Central","Mbanza Ngungu"
"Haut Uele","Niangara"
"Kongo Central","Matadi"
"Bas Uele","Buta"
"Kasai","Ndjoko Mpunda"
"Mai Ndombe","Inongo"
"Tshopo","Bafwasende"
"Kwilu","Sia"
"Tshuapa","Bosanga"
"Kasai Oriental","Tshishimbi"
"Tshuapa","Yalifafo"
"Sud Kivu","Nundu"
"Kasai Oriental","Bibanga"
"Kongo Central","Kisantu"
"Nord Ubangi","Wasolo"
"Haut Katanga","Kikula"
"Sud Kivu","Mwenga"
"Tshuapa","Wema"
"Nord Kivu","Binza"
"Haut Katanga","Kisanga"
"Ituri","Adi"
"Kinshasa","Lingwala"
"Lualaba","Kapanga"
"Kasai","Mushenge"
"Equateur","Iboko"
"Tanganyika","Kabalo"
"Sud Ubangi","Zongo"
"Nord Kivu","Pinga"
"Ituri","Logo"
"Haut Katanga","Mumbunda"
"Kasai Central","Mutoto"
"Bas Uele","Ganga"
"Tshopo","Yahuma"
"Kwilu","Kingandu"
"Haut Uele","Boma Mangbetu"
"Kwango","Kenge"
"Sankuru","Bena Dibele"
"Haut Lomami","Kinkondja"
"Kinshasa","Biyela"
"Haut Katanga","Mufunga Sampwe"
"Haut Lomami","Lwamba"
"Sud Kivu","Nyantende"
"Nord Ubangi","Businga"
"Kasai Central","Kalomba"
"Tanganyika","Kongolo"
"Nord Kivu","Bambo"
"Lomami","Kamiji"
"Ituri","Tchomia"
"Tshuapa","Bokungu"
"Kwilu","Idiofa"
"Kongo Central","Sona Bata"
"Ituri","Mambasa"
"Kinshasa","Ndjili"
"Ituri","Boga"
"Bas Uele","Ango"
"Maniema","Lusangi"
"Haut Lomami","Kayamba"
"Sud Kivu","Fizi"
"Tshopo","Wanierukula"
"Kasai","Tshikapa"
"Nord Kivu","Karisimbi"
"Sud Kivu","Kamituga"
"Sankuru","Ototo"
"Mongala","Boso Mondanda"
"Equateur","Basankusu"
"Haut Katanga","Mitwaba"
"Lualaba","Mutshatsha"
"Tshuapa","Ikela"
"Sankuru","Minga"
"Lomami","Kabinda"
"Tshopo","Yaleko"
"Sud Kivu","Nyangezi"
"Haut Katanga","Kowe"
"Kasai Central","Lukonga"
"Ituri","Kilo"
"Ituri","Mahagi"
"Kinshasa","Binza Meteo"
"Tshuapa","Mondombe"
"Ituri","Kambala"
"Kwilu","Pay Kongila"
"Tanganyika","Nyemba"
"Kinshasa","Makala"
"Nord Kivu","Mabalako"
"Maniema","Samba"
"Kasai Oriental","Tshilenge"
"Tshopo","Basoko"
"Kinshasa","Bumbu"
"Haut Lomami","Kamina"
"Nord Kivu","Goma"
"Ituri","Nizi"
"Kinshasa","Lemba"
"Sud Kivu","Bunyakiri"
"Tshopo","Ubundu"
"Sud Kivu","Mulungu"
"Sankuru","Dikungu"
"Kinshasa","Maluku I"
"Nord Kivu","Mutwanga"
"Sud Kivu","Katana"
"Kwilu","Mokala"
"Kongo Central","Kizu"
"Lomami","Ngandajika"
"Kongo Central","Nselo"
"Kwilu","Mukedi"
"Equateur","Ntondo"
"Nord Kivu","Biena"
"Kasai","Bulape"
"Kwango","Boko"
"Kinshasa","Kasa Vubu"
"Ituri","Nia Nia"
"Kasai Central","Tshikaji"
"Kinshasa","Mont Ngafula I"
"Ituri","Bambu"
"Kasai Oriental","Lukelenge"
"Sud Ubangi","Bulu"
"Lualaba","Lualaba"
"Haut Katanga","Vangu"
"Sud Kivu","Lulingu"
"Haut Katanga","Kamalondo"
"Kinshasa","Matete"
"Kinshasa","Barumbu"
"Lualaba","Kalamba"
"Sankuru","Vanga Kete"
"Tshuapa","Boende"
"Tanganyika","Nyunzu"
"Kasai Oriental","Mpokolo"
"Ituri","Aru"
"Lomami","Ludimbi Lukula"
"Mai Ndombe","Banjow Moke"
"Nord Kivu","Kamango"
"Kongo Central","Boko Kivulu"
"Tshuapa","Monkoto"
"Lomami","Kalenda"
"Nord Kivu","Musienene"
"Mai Ndombe","Yumbi"
"Ituri","Rwampara"
"Kongo Central","Boma Bungu"
"Haut Katanga","Kasenga"
"Kinshasa","Kisenso"
"Kinshasa","Ngaba"
"Kasai","Mikope"
"Kwilu","Masi Manimba"
"Kwango","Feshi"
"Kasai Oriental","Miabi"
"Maniema","Alunguli"
"Mongala","Boso Manzi"
"Tanganyika","Mbulula"
"Kasai Oriental","Kasansa"
"Nord Kivu","Nyirangongo"
"Nord Kivu","Katwa"
"Tshopo","Mangobo"
"Kasai Central","Ndesha"
"Bas Uele","Likati"
"Mongala","Yamongili"
"Kinshasa","Kikimi"
"Tshopo","Banalia"
"Kwilu","Lusanga"
"Lomami","Makota"
"Sud Kivu","Walungu"
"Sankuru","Lusambo"
"Ituri","Gethy"
"Haut Lomami","Mukanga"
"Sud Kivu","Lemera"
"Ituri","Lita"
"Nord Kivu","Walikale"
"Haut Katanga","Manika"
"Nord Kivu","Kalunguta"
"Mongala","Lisala"
"Ituri","Lolwa"
"Nord Kivu","Kirotshe"
"Kwango","Wamba Lwadi"
"Kasai Oriental","Bipemba"
"Kongo Central","Kimpese"
"Kinshasa","Kinshasa"
"Maniema","Kampene"
"Kasai","Kakenge"
"Kwilu","Kikwit Sud"
"Lualaba","Kanzenze"
"Kongo Central","Masa"
"Haut Katanga","Rwashi"
"Lomami","Mwene Ditu"
"Lualaba","Sandoa"
"Ituri","Angumu"
"Haut Uele","Makoro"
"Mongala","Yamaluka"
"Ituri","Mandima"
"Mongala","Pimu"
"Ituri","Biringi"
"Tshopo","Basali"
"Ituri","Mangala"
"Maniema","Ferekeni"
"Kasai","Kanzala"
"Sankuru","Pania Mutombo"
"Kinshasa","Kalamu Ii"
"Kasai","Dekese"
"Kasai Oriental","Dibindi"
"Kongo Central","Moanda"
"Haut Uele","Doruma"
"Kongo Central","Kuimba"
"Tshopo","Makiso Kisangani"
"Maniema","Kailo"
"Kasai Central","Lubondaie"
"Nord Kivu","Kayna"
"Haut Katanga","Kampemba"
"Haut Katanga","Kipushi"
"Mai Ndombe","Oshwe"
"Nord Kivu","Oicha"
"Sud Kivu","Kabare"
"Kongo Central","Vaku"
"Kongo Central","Kimvula"
"Kinshasa","Kingasani"
"Kongo Central","Kibunzi"
"Sud Kivu","Itombwe"
"Haut Uele","Pawa"
"Kasai Oriental","Bonzola"
